{"base_a":0.19047619047619047,"base_b":0.2857142857142857,"rounds":21,"rows":[{"place":"Fountain","n":10,"a_share":0.3,"b_share":0.3,"none_share":0.4,"lift_a":1.575,"lift_b":1.05},{"place":"Canal","n":11,"a_share":0.09090909090909091,"b_share":0.2727272727272727,"none_share":0.6363636363636364,"lift_a":0.4772727272727273,"lift_b":0.9545454545454545},{"place":"Tunnels","n":17,"a_share":0.17647058823529413,"b_share":0.35294117647058826,"none_share":0.47058823529411764,"lift_a":0.9264705882352943,"lift_b":1.2352941176470589}]}
