{"base_a":0.15151515151515152,"base_b":0.24242424242424243,"rounds":33,"rows":[{"place":"Lobby","n":12,"a_share":0.08333333333333333,"b_share":0.3333333333333333,"none_share":0.5833333333333334,"lift_a":0.5499999999999999,"lift_b":1.3749999999999998},{"place":"Outside","n":28,"a_share":0.14285714285714285,"b_share":0.17857142857142858,"none_share":0.6785714285714286,"lift_a":0.9428571428571427,"lift_b":0.7366071428571429}]}
