{"base_a":0.16666666666666666,"base_b":0.4166666666666667,"rounds":24,"rows":[{"place":"Outside","n":14,"a_share":0.2857142857142857,"b_share":0.35714285714285715,"none_share":0.35714285714285715,"lift_a":1.7142857142857142,"lift_b":0.8571428571428571},{"place":"Ruins","n":8,"a_share":0.125,"b_share":0.375,"none_share":0.5,"lift_a":0.75,"lift_b":0.8999999999999999},{"place":"TSideLower","n":14,"a_share":0.14285714285714285,"b_share":0.42857142857142855,"none_share":0.42857142857142855,"lift_a":0.8571428571428571,"lift_b":1.0285714285714285}]}
