{"base_a":0.09090909090909091,"base_b":0.21212121212121213,"rounds":33,"rows":[{"place":"Lobby","n":20,"a_share":0.15,"b_share":0.2,"none_share":0.65,"lift_a":1.65,"lift_b":0.9428571428571428},{"place":"Outside","n":26,"a_share":0.07692307692307693,"b_share":0.23076923076923078,"none_share":0.6923076923076923,"lift_a":0.8461538461538461,"lift_b":1.087912087912088}]}
