{"base_a":0.3333333333333333,"base_b":0.3333333333333333,"rounds":9,"rows":[]}
