{"base_a":0.2222222222222222,"base_b":0.2777777777777778,"rounds":18,"rows":[{"place":"SecondMid","n":10,"a_share":0.4,"b_share":0.2,"none_share":0.4,"lift_a":1.8000000000000003,"lift_b":0.72},{"place":"Banana","n":8,"a_share":0.125,"b_share":0.25,"none_share":0.625,"lift_a":0.5625,"lift_b":0.8999999999999999},{"place":"TRamp","n":13,"a_share":0.23076923076923078,"b_share":0.23076923076923078,"none_share":0.5384615384615384,"lift_a":1.0384615384615385,"lift_b":0.8307692307692308},{"place":"Middle","n":16,"a_share":0.25,"b_share":0.25,"none_share":0.5,"lift_a":1.125,"lift_b":0.8999999999999999}]}
