{"base_a":0.05263157894736842,"base_b":0.3684210526315789,"rounds":19,"rows":[{"place":"Lobby","n":13,"a_share":0.07692307692307693,"b_share":0.3076923076923077,"none_share":0.6153846153846154,"lift_a":1.4615384615384617,"lift_b":0.8351648351648353},{"place":"Outside","n":17,"a_share":0.058823529411764705,"b_share":0.35294117647058826,"none_share":0.5882352941176471,"lift_a":1.1176470588235294,"lift_b":0.9579831932773111}]}
