{"base_a":0.06666666666666667,"base_b":0.3333333333333333,"rounds":15,"rows":[{"place":"OutsideLong","n":9,"a_share":0,"b_share":0.1111111111111111,"none_share":0.8888888888888888,"lift_a":0,"lift_b":0.3333333333333333},{"place":"TopofMid","n":8,"a_share":0,"b_share":0.25,"none_share":0.75,"lift_a":0,"lift_b":0.75}]}
