{"base_a":0.4583333333333333,"base_b":0.375,"rounds":24,"rows":[{"place":"TSideLower","n":10,"a_share":0.3,"b_share":0.7,"none_share":0,"lift_a":0.6545454545454545,"lift_b":1.8666666666666665},{"place":"TSideUpper","n":8,"a_share":0.25,"b_share":0.625,"none_share":0.125,"lift_a":0.5454545454545455,"lift_b":1.6666666666666667},{"place":"Ruins","n":11,"a_share":0.2727272727272727,"b_share":0.5454545454545454,"none_share":0.18181818181818182,"lift_a":0.5950413223140496,"lift_b":1.4545454545454544},{"place":"Outside","n":19,"a_share":0.5263157894736842,"b_share":0.3157894736842105,"none_share":0.15789473684210525,"lift_a":1.1483253588516746,"lift_b":0.8421052631578947}]}
