{"base_a":0.20833333333333334,"base_b":0.2916666666666667,"rounds":24,"rows":[{"place":"Banana","n":19,"a_share":0.10526315789473684,"b_share":0.3157894736842105,"none_share":0.5789473684210527,"lift_a":0.5052631578947367,"lift_b":1.0827067669172932},{"place":"TRamp","n":15,"a_share":0.13333333333333333,"b_share":0.2,"none_share":0.6666666666666666,"lift_a":0.64,"lift_b":0.6857142857142857},{"place":"Middle","n":20,"a_share":0.2,"b_share":0.25,"none_share":0.55,"lift_a":0.96,"lift_b":0.8571428571428571}]}
