{"base_a":0.2916666666666667,"base_b":0.16666666666666666,"rounds":24,"rows":[{"place":"Connector","n":9,"a_share":0.3333333333333333,"b_share":0.2222222222222222,"none_share":0.4444444444444444,"lift_a":1.1428571428571428,"lift_b":1.3333333333333333},{"place":"Fountain","n":15,"a_share":0.26666666666666666,"b_share":0.13333333333333333,"none_share":0.6,"lift_a":0.9142857142857143,"lift_b":0.8},{"place":"Tunnels","n":21,"a_share":0.3333333333333333,"b_share":0.14285714285714285,"none_share":0.5238095238095238,"lift_a":1.1428571428571428,"lift_b":0.8571428571428571}]}
