{"base_a":0.3684210526315789,"base_b":0.47368421052631576,"rounds":19,"rows":[{"place":"Street","n":9,"a_share":0.3333333333333333,"b_share":0.6666666666666666,"none_share":0,"lift_a":0.9047619047619048,"lift_b":1.4074074074074074},{"place":"Canal","n":13,"a_share":0.38461538461538464,"b_share":0.46153846153846156,"none_share":0.15384615384615385,"lift_a":1.043956043956044,"lift_b":0.9743589743589745}]}
