{"base_a":0.15789473684210525,"base_b":0.3157894736842105,"rounds":19,"rows":[{"place":"Outside","n":16,"a_share":0.0625,"b_share":0.3125,"none_share":0.625,"lift_a":0.39583333333333337,"lift_b":0.9895833333333334},{"place":"Lobby","n":12,"a_share":0.16666666666666666,"b_share":0.25,"none_share":0.5833333333333334,"lift_a":1.0555555555555556,"lift_b":0.7916666666666667}]}
