{"base_a":0.4166666666666667,"base_b":0.3333333333333333,"rounds":12,"rows":[{"place":"Tunnels","n":11,"a_share":0.45454545454545453,"b_share":0.2727272727272727,"none_share":0.2727272727272727,"lift_a":1.0909090909090908,"lift_b":0.8181818181818181},{"place":"Fountain","n":9,"a_share":0.4444444444444444,"b_share":0.3333333333333333,"none_share":0.2222222222222222,"lift_a":1.0666666666666667,"lift_b":1}]}
