{"base_a":0.16666666666666666,"base_b":0.3333333333333333,"rounds":12,"rows":[]}
