{"base_a":0.1111111111111111,"base_b":0.3333333333333333,"rounds":9,"rows":[]}
