{"base_a":0.21739130434782608,"base_b":0.391304347826087,"rounds":23,"rows":[{"place":"TSideLower","n":11,"a_share":0,"b_share":0.45454545454545453,"none_share":0.5454545454545454,"lift_a":0,"lift_b":1.1616161616161615},{"place":"TSideUpper","n":11,"a_share":0,"b_share":0.5454545454545454,"none_share":0.45454545454545453,"lift_a":0,"lift_b":1.3939393939393938},{"place":"Middle","n":9,"a_share":0.1111111111111111,"b_share":0.5555555555555556,"none_share":0.3333333333333333,"lift_a":0.5111111111111111,"lift_b":1.4197530864197532},{"place":"Outside","n":11,"a_share":0.2727272727272727,"b_share":0.45454545454545453,"none_share":0.2727272727272727,"lift_a":1.2545454545454544,"lift_b":1.1616161616161615}]}
