{"base_a":0.20833333333333334,"base_b":0.20833333333333334,"rounds":24,"rows":[{"place":"PalaceInterior","n":9,"a_share":0.2222222222222222,"b_share":0,"none_share":0.7777777777777778,"lift_a":1.0666666666666667,"lift_b":0},{"place":"BackAlley","n":10,"a_share":0.3,"b_share":0.4,"none_share":0.3,"lift_a":1.44,"lift_b":1.92},{"place":"Apartments","n":8,"a_share":0.25,"b_share":0.375,"none_share":0.375,"lift_a":1.2,"lift_b":1.7999999999999998},{"place":"SideAlley","n":9,"a_share":0.1111111111111111,"b_share":0.3333333333333333,"none_share":0.5555555555555556,"lift_a":0.5333333333333333,"lift_b":1.5999999999999999}]}
