{"base_a":0.16666666666666666,"base_b":0.4166666666666667,"rounds":12,"rows":[]}
