{"base_a":0.2222222222222222,"base_b":0.1111111111111111,"rounds":18,"rows":[{"place":"Alley","n":8,"a_share":0.125,"b_share":0.125,"none_share":0.75,"lift_a":0.5625,"lift_b":1.125},{"place":"TSideUpper","n":15,"a_share":0.2,"b_share":0.13333333333333333,"none_share":0.6666666666666666,"lift_a":0.9000000000000001,"lift_b":1.2},{"place":"BackofB","n":15,"a_share":0.2,"b_share":0.13333333333333333,"none_share":0.6666666666666666,"lift_a":0.9000000000000001,"lift_b":1.2},{"place":"TMain","n":8,"a_share":0.25,"b_share":0.125,"none_share":0.625,"lift_a":1.125,"lift_b":1.125}]}
