{"base_a":0.10526315789473684,"base_b":0.2631578947368421,"rounds":19,"rows":[{"place":"TSideUpper","n":13,"a_share":0,"b_share":0.38461538461538464,"none_share":0.6153846153846154,"lift_a":0,"lift_b":1.4615384615384617},{"place":"BackofB","n":10,"a_share":0,"b_share":0.3,"none_share":0.7,"lift_a":0,"lift_b":1.1400000000000001}]}
