{"base_a":0.16666666666666666,"base_b":0.25,"rounds":24,"rows":[{"place":"Lobby","n":12,"a_share":0.25,"b_share":0.25,"none_share":0.5,"lift_a":1.5,"lift_b":1},{"place":"Outside","n":19,"a_share":0.15789473684210525,"b_share":0.2631578947368421,"none_share":0.5789473684210527,"lift_a":0.9473684210526315,"lift_b":1.0526315789473684}]}
