{"base_a":0.34782608695652173,"base_b":0.30434782608695654,"rounds":23,"rows":[{"place":"LongDog","n":11,"a_share":0.5454545454545454,"b_share":0.2727272727272727,"none_share":0.18181818181818182,"lift_a":1.5681818181818181,"lift_b":0.896103896103896},{"place":"TSideUpper","n":19,"a_share":0.3157894736842105,"b_share":0.3157894736842105,"none_share":0.3684210526315789,"lift_a":0.9078947368421052,"lift_b":1.0375939849624058},{"place":"BackofB","n":20,"a_share":0.35,"b_share":0.3,"none_share":0.35,"lift_a":1.0062499999999999,"lift_b":0.9857142857142857}]}
