{"base_a":0.2,"base_b":0.4,"rounds":25,"rows":[{"place":"Ruins","n":8,"a_share":0.125,"b_share":0.625,"none_share":0.25,"lift_a":0.625,"lift_b":1.5625},{"place":"Middle","n":14,"a_share":0.2857142857142857,"b_share":0.42857142857142855,"none_share":0.2857142857142857,"lift_a":1.4285714285714284,"lift_b":1.0714285714285714},{"place":"TSideLower","n":18,"a_share":0.16666666666666666,"b_share":0.5555555555555556,"none_share":0.2777777777777778,"lift_a":0.8333333333333333,"lift_b":1.3888888888888888},{"place":"Outside","n":16,"a_share":0.25,"b_share":0.4375,"none_share":0.3125,"lift_a":1.25,"lift_b":1.09375}]}
