{"base_a":0.4,"base_b":0.26666666666666666,"rounds":15,"rows":[{"place":"Lobby","n":8,"a_share":0.625,"b_share":0.125,"none_share":0.25,"lift_a":1.5625,"lift_b":0.46875},{"place":"Outside","n":12,"a_share":0.3333333333333333,"b_share":0.3333333333333333,"none_share":0.3333333333333333,"lift_a":0.8333333333333333,"lift_b":1.25}]}
