{"base_a":0.23076923076923078,"base_b":0.07692307692307693,"rounds":13,"rows":[{"place":"BackofB","n":10,"a_share":0.3,"b_share":0.1,"none_share":0.6,"lift_a":1.2999999999999998,"lift_b":1.3},{"place":"TSideUpper","n":10,"a_share":0.3,"b_share":0.1,"none_share":0.6,"lift_a":1.2999999999999998,"lift_b":1.3}]}
