{"base_a":0.25,"base_b":0.45,"rounds":20,"rows":[{"place":"BackofB","n":15,"a_share":0.2,"b_share":0.5333333333333333,"none_share":0.26666666666666666,"lift_a":0.8,"lift_b":1.1851851851851851},{"place":"TSideUpper","n":17,"a_share":0.29411764705882354,"b_share":0.47058823529411764,"none_share":0.23529411764705882,"lift_a":1.1764705882352942,"lift_b":1.0457516339869282}]}
