{"base_a":0.20833333333333334,"base_b":0.16666666666666666,"rounds":24,"rows":[{"place":"SideAlley","n":13,"a_share":0.07692307692307693,"b_share":0.07692307692307693,"none_share":0.8461538461538461,"lift_a":0.36923076923076925,"lift_b":0.46153846153846156},{"place":"PalaceAlley","n":9,"a_share":0.3333333333333333,"b_share":0.1111111111111111,"none_share":0.5555555555555556,"lift_a":1.5999999999999999,"lift_b":0.6666666666666666},{"place":"Middle","n":8,"a_share":0.25,"b_share":0.125,"none_share":0.625,"lift_a":1.2,"lift_b":0.75},{"place":"TopofMid","n":16,"a_share":0.1875,"b_share":0.125,"none_share":0.6875,"lift_a":0.8999999999999999,"lift_b":0.75}]}
