{"base_a":0.2727272727272727,"base_b":0.45454545454545453,"rounds":22,"rows":[{"place":"Lobby","n":11,"a_share":0.5454545454545454,"b_share":0.18181818181818182,"none_share":0.2727272727272727,"lift_a":2,"lift_b":0.4},{"place":"Outside","n":19,"a_share":0.3157894736842105,"b_share":0.42105263157894735,"none_share":0.2631578947368421,"lift_a":1.1578947368421053,"lift_b":0.9263157894736842}]}
