{"base_a":0.2916666666666667,"base_b":0.16666666666666666,"rounds":24,"rows":[{"place":"Ruins","n":11,"a_share":0.18181818181818182,"b_share":0.36363636363636365,"none_share":0.45454545454545453,"lift_a":0.6233766233766234,"lift_b":2.181818181818182},{"place":"Canal","n":13,"a_share":0.46153846153846156,"b_share":0.07692307692307693,"none_share":0.46153846153846156,"lift_a":1.5824175824175823,"lift_b":0.46153846153846156},{"place":"Bridge","n":9,"a_share":0.2222222222222222,"b_share":0.1111111111111111,"none_share":0.6666666666666666,"lift_a":0.7619047619047619,"lift_b":0.6666666666666666},{"place":"Street","n":10,"a_share":0.2,"b_share":0.2,"none_share":0.6,"lift_a":0.6857142857142857,"lift_b":1.2000000000000002}]}
