{"base_a":0.08333333333333333,"base_b":0.25,"rounds":12,"rows":[{"place":"TSideUpper","n":8,"a_share":0.125,"b_share":0.375,"none_share":0.5,"lift_a":1.5,"lift_b":1.5},{"place":"BackofB","n":9,"a_share":0.1111111111111111,"b_share":0.3333333333333333,"none_share":0.5555555555555556,"lift_a":1.3333333333333333,"lift_b":1.3333333333333333}]}
