{"base_a":0.13636363636363635,"base_b":0.2727272727272727,"rounds":22,"rows":[{"place":"UpperTunnel","n":12,"a_share":0.25,"b_share":0.25,"none_share":0.5,"lift_a":1.8333333333333335,"lift_b":0.9166666666666667},{"place":"TopofMid","n":14,"a_share":0.21428571428571427,"b_share":0.21428571428571427,"none_share":0.5714285714285714,"lift_a":1.5714285714285714,"lift_b":0.7857142857142857},{"place":"OutsideLong","n":16,"a_share":0.1875,"b_share":0.1875,"none_share":0.625,"lift_a":1.375,"lift_b":0.6875}]}
