{"base_a":0.16666666666666666,"base_b":0.08333333333333333,"rounds":12,"rows":[{"place":"Lobby","n":8,"a_share":0.125,"b_share":0.125,"none_share":0.75,"lift_a":0.75,"lift_b":1.5},{"place":"Outside","n":11,"a_share":0.18181818181818182,"b_share":0.09090909090909091,"none_share":0.7272727272727273,"lift_a":1.090909090909091,"lift_b":1.090909090909091}]}
