{"base_a":0.25,"base_b":0.1875,"rounds":16,"rows":[{"place":"Fountain","n":9,"a_share":0.2222222222222222,"b_share":0.2222222222222222,"none_share":0.5555555555555556,"lift_a":0.8888888888888888,"lift_b":1.1851851851851851},{"place":"Tunnels","n":15,"a_share":0.26666666666666666,"b_share":0.2,"none_share":0.5333333333333333,"lift_a":1.0666666666666667,"lift_b":1.0666666666666667}]}
