{"base_a":0.3333333333333333,"base_b":0.25,"rounds":24,"rows":[{"place":"Street","n":8,"a_share":0.5,"b_share":0,"none_share":0.5,"lift_a":1.5,"lift_b":0},{"place":"Ruins","n":8,"a_share":0.625,"b_share":0.125,"none_share":0.25,"lift_a":1.875,"lift_b":0.5},{"place":"Canal","n":15,"a_share":0.4,"b_share":0.2,"none_share":0.4,"lift_a":1.2000000000000002,"lift_b":0.8},{"place":"Bridge","n":9,"a_share":0.3333333333333333,"b_share":0.2222222222222222,"none_share":0.4444444444444444,"lift_a":1,"lift_b":0.8888888888888888}]}
