{"base_a":0.26666666666666666,"base_b":0.4,"rounds":15,"rows":[{"place":"Outside","n":9,"a_share":0.3333333333333333,"b_share":0.2222222222222222,"none_share":0.4444444444444444,"lift_a":1.25,"lift_b":0.5555555555555555}]}
