{"base_a":0.25,"base_b":0.25,"rounds":20,"rows":[{"place":"BackAlley","n":9,"a_share":0.2222222222222222,"b_share":0.3333333333333333,"none_share":0.4444444444444444,"lift_a":0.8888888888888888,"lift_b":1.3333333333333333},{"place":"SideAlley","n":9,"a_share":0.2222222222222222,"b_share":0.3333333333333333,"none_share":0.4444444444444444,"lift_a":0.8888888888888888,"lift_b":1.3333333333333333},{"place":"TopofMid","n":13,"a_share":0.3076923076923077,"b_share":0.23076923076923078,"none_share":0.46153846153846156,"lift_a":1.2307692307692308,"lift_b":0.9230769230769231}]}
