{"base_a":0.4166666666666667,"base_b":0.25,"rounds":12,"rows":[{"place":"Canal","n":9,"a_share":0.4444444444444444,"b_share":0.2222222222222222,"none_share":0.3333333333333333,"lift_a":1.0666666666666667,"lift_b":0.8888888888888888}]}
