{"base_a":0.3235294117647059,"base_b":0.2647058823529412,"rounds":34,"rows":[{"place":"Trophy","n":9,"a_share":0.1111111111111111,"b_share":0.3333333333333333,"none_share":0.5555555555555556,"lift_a":0.3434343434343434,"lift_b":1.259259259259259},{"place":"Vending","n":9,"a_share":0.1111111111111111,"b_share":0.2222222222222222,"none_share":0.6666666666666666,"lift_a":0.3434343434343434,"lift_b":0.8395061728395061},{"place":"Lobby","n":16,"a_share":0.125,"b_share":0.3125,"none_share":0.5625,"lift_a":0.38636363636363635,"lift_b":1.1805555555555556},{"place":"Outside","n":24,"a_share":0.375,"b_share":0.25,"none_share":0.375,"lift_a":1.159090909090909,"lift_b":0.9444444444444444}]}
