{"base_a":0.16666666666666666,"base_b":0.4444444444444444,"rounds":18,"rows":[{"place":"Banana","n":13,"a_share":0.15384615384615385,"b_share":0.6153846153846154,"none_share":0.23076923076923078,"lift_a":0.9230769230769231,"lift_b":1.3846153846153848},{"place":"TRamp","n":9,"a_share":0.1111111111111111,"b_share":0.4444444444444444,"none_share":0.4444444444444444,"lift_a":0.6666666666666666,"lift_b":1},{"place":"SecondMid","n":9,"a_share":0.2222222222222222,"b_share":0.3333333333333333,"none_share":0.4444444444444444,"lift_a":1.3333333333333333,"lift_b":0.75},{"place":"Middle","n":16,"a_share":0.1875,"b_share":0.4375,"none_share":0.375,"lift_a":1.125,"lift_b":0.984375}]}
