{"base_a":0.29411764705882354,"base_b":0.35294117647058826,"rounds":17,"rows":[{"place":"Fountain","n":10,"a_share":0.5,"b_share":0.2,"none_share":0.3,"lift_a":1.7,"lift_b":0.5666666666666667},{"place":"Canal","n":9,"a_share":0.1111111111111111,"b_share":0.5555555555555556,"none_share":0.3333333333333333,"lift_a":0.37777777777777777,"lift_b":1.574074074074074},{"place":"Tunnels","n":11,"a_share":0.2727272727272727,"b_share":0.36363636363636365,"none_share":0.36363636363636365,"lift_a":0.9272727272727271,"lift_b":1.0303030303030303}]}
