{"base_a":0.34210526315789475,"base_b":0.21052631578947367,"rounds":38,"rows":[{"place":"Trophy","n":8,"a_share":0,"b_share":0.375,"none_share":0.625,"lift_a":0,"lift_b":1.78125},{"place":"Lobby","n":20,"a_share":0.35,"b_share":0.15,"none_share":0.5,"lift_a":1.023076923076923,"lift_b":0.7125},{"place":"Outside","n":33,"a_share":0.36363636363636365,"b_share":0.24242424242424243,"none_share":0.3939393939393939,"lift_a":1.062937062937063,"lift_b":1.1515151515151516},{"place":"Vending","n":17,"a_share":0.29411764705882354,"b_share":0.23529411764705882,"none_share":0.47058823529411764,"lift_a":0.8597285067873304,"lift_b":1.1176470588235294}]}
