{"base_a":0.375,"base_b":0.3125,"rounds":16,"rows":[{"place":"TRamp","n":10,"a_share":0.5,"b_share":0.3,"none_share":0.2,"lift_a":1.3333333333333333,"lift_b":0.96},{"place":"Middle","n":15,"a_share":0.4,"b_share":0.3333333333333333,"none_share":0.26666666666666666,"lift_a":1.0666666666666667,"lift_b":1.0666666666666667}]}
