{"base_a":0.1875,"base_b":0.4375,"rounds":16,"rows":[{"place":"Outside","n":12,"a_share":0.16666666666666666,"b_share":0.3333333333333333,"none_share":0.5,"lift_a":0.8888888888888888,"lift_b":0.7619047619047619}]}
