{"base_a":0.125,"base_b":0.3333333333333333,"rounds":24,"rows":[{"place":"Connector","n":10,"a_share":0.2,"b_share":0.3,"none_share":0.5,"lift_a":1.6,"lift_b":0.9},{"place":"Fountain","n":14,"a_share":0.07142857142857142,"b_share":0.2857142857142857,"none_share":0.6428571428571429,"lift_a":0.5714285714285714,"lift_b":0.8571428571428571},{"place":"Tunnels","n":22,"a_share":0.13636363636363635,"b_share":0.3181818181818182,"none_share":0.5454545454545454,"lift_a":1.0909090909090908,"lift_b":0.9545454545454546}]}
