{"base_a":0.2608695652173913,"base_b":0.21739130434782608,"rounds":23,"rows":[{"place":"Lobby","n":11,"a_share":0.2727272727272727,"b_share":0.2727272727272727,"none_share":0.45454545454545453,"lift_a":1.0454545454545454,"lift_b":1.2545454545454544},{"place":"Outside","n":15,"a_share":0.26666666666666666,"b_share":0.2,"none_share":0.5333333333333333,"lift_a":1.0222222222222221,"lift_b":0.92}]}
