{"base_a":0.17647058823529413,"base_b":0.4117647058823529,"rounds":17,"rows":[{"place":"TRamp","n":11,"a_share":0.09090909090909091,"b_share":0.45454545454545453,"none_share":0.45454545454545453,"lift_a":0.5151515151515151,"lift_b":1.103896103896104},{"place":"Banana","n":10,"a_share":0.1,"b_share":0.4,"none_share":0.5,"lift_a":0.5666666666666667,"lift_b":0.9714285714285715},{"place":"SecondMid","n":8,"a_share":0.25,"b_share":0.5,"none_share":0.25,"lift_a":1.4166666666666665,"lift_b":1.2142857142857144},{"place":"Middle","n":15,"a_share":0.2,"b_share":0.4666666666666667,"none_share":0.3333333333333333,"lift_a":1.1333333333333333,"lift_b":1.1333333333333333}]}
