{"base_a":0.125,"base_b":0.375,"rounds":24,"rows":[{"place":"Canal","n":8,"a_share":0.25,"b_share":0.25,"none_share":0.5,"lift_a":2,"lift_b":0.6666666666666666},{"place":"Fountain","n":13,"a_share":0.15384615384615385,"b_share":0.38461538461538464,"none_share":0.46153846153846156,"lift_a":1.2307692307692308,"lift_b":1.0256410256410258},{"place":"Tunnels","n":16,"a_share":0.125,"b_share":0.375,"none_share":0.5,"lift_a":1,"lift_b":1}]}
