{"base_a":0.08333333333333333,"base_b":0.5833333333333334,"rounds":12,"rows":[{"place":"Canal","n":8,"a_share":0.125,"b_share":0.5,"none_share":0.375,"lift_a":1.5,"lift_b":0.8571428571428571}]}
