{"base_a":0.18181818181818182,"base_b":0.2727272727272727,"rounds":22,"rows":[{"place":"Fountain","n":14,"a_share":0.21428571428571427,"b_share":0.14285714285714285,"none_share":0.6428571428571429,"lift_a":1.1785714285714284,"lift_b":0.5238095238095238},{"place":"Tunnels","n":18,"a_share":0.2222222222222222,"b_share":0.2777777777777778,"none_share":0.5,"lift_a":1.222222222222222,"lift_b":1.0185185185185186}]}
