{"base_a":0.25,"base_b":0.4583333333333333,"rounds":24,"rows":[{"place":"TSideLower","n":10,"a_share":0.2,"b_share":0.7,"none_share":0.1,"lift_a":0.8,"lift_b":1.5272727272727273},{"place":"Outside","n":16,"a_share":0.375,"b_share":0.25,"none_share":0.375,"lift_a":1.5,"lift_b":0.5454545454545455},{"place":"Ruins","n":12,"a_share":0.16666666666666666,"b_share":0.6666666666666666,"none_share":0.16666666666666666,"lift_a":0.6666666666666666,"lift_b":1.4545454545454546}]}
