{"base_a":0.23529411764705882,"base_b":0.23529411764705882,"rounds":17,"rows":[{"place":"Lobby","n":9,"a_share":0.3333333333333333,"b_share":0.1111111111111111,"none_share":0.5555555555555556,"lift_a":1.4166666666666665,"lift_b":0.4722222222222222},{"place":"Outside","n":14,"a_share":0.2857142857142857,"b_share":0.2857142857142857,"none_share":0.42857142857142855,"lift_a":1.2142857142857142,"lift_b":1.2142857142857142}]}
