{"base_a":0.16666666666666666,"base_b":0.16666666666666666,"rounds":12,"rows":[{"place":"Fountain","n":8,"a_share":0.25,"b_share":0.125,"none_share":0.625,"lift_a":1.5,"lift_b":0.75},{"place":"Tunnels","n":9,"a_share":0.2222222222222222,"b_share":0.2222222222222222,"none_share":0.5555555555555556,"lift_a":1.3333333333333333,"lift_b":1.3333333333333333}]}
