{"base_a":0.125,"base_b":0.1875,"rounds":16,"rows":[{"place":"Canal","n":12,"a_share":0.16666666666666666,"b_share":0,"none_share":0.8333333333333334,"lift_a":1.3333333333333333,"lift_b":0}]}
