{"base_a":0.36363636363636365,"base_b":0.45454545454545453,"rounds":11,"rows":[]}
