{"base_a":0.23809523809523808,"base_b":0.5238095238095238,"rounds":21,"rows":[{"place":"Ruins","n":10,"a_share":0.1,"b_share":0.7,"none_share":0.2,"lift_a":0.42000000000000004,"lift_b":1.3363636363636362},{"place":"OutsideLong","n":9,"a_share":0.3333333333333333,"b_share":0.5555555555555556,"none_share":0.1111111111111111,"lift_a":1.4,"lift_b":1.0606060606060606},{"place":"Canal","n":13,"a_share":0.3076923076923077,"b_share":0.46153846153846156,"none_share":0.23076923076923078,"lift_a":1.2923076923076924,"lift_b":0.8811188811188811},{"place":"Bridge","n":10,"a_share":0.3,"b_share":0.5,"none_share":0.2,"lift_a":1.26,"lift_b":0.9545454545454545}]}
