{"base_a":0.11538461538461539,"base_b":0.38461538461538464,"rounds":26,"rows":[{"place":"TSideUpper","n":9,"a_share":0.2222222222222222,"b_share":0.3333333333333333,"none_share":0.4444444444444444,"lift_a":1.9259259259259258,"lift_b":0.8666666666666666},{"place":"Street","n":16,"a_share":0.1875,"b_share":0.375,"none_share":0.4375,"lift_a":1.625,"lift_b":0.975},{"place":"Canal","n":18,"a_share":0.16666666666666666,"b_share":0.3333333333333333,"none_share":0.5,"lift_a":1.4444444444444442,"lift_b":0.8666666666666666}]}
