{"base_a":0.4166666666666667,"base_b":0.16666666666666666,"rounds":24,"rows":[{"place":"TSideLower","n":13,"a_share":0.15384615384615385,"b_share":0.23076923076923078,"none_share":0.6153846153846154,"lift_a":0.36923076923076925,"lift_b":1.3846153846153848},{"place":"Outside","n":15,"a_share":0.6666666666666666,"b_share":0.06666666666666667,"none_share":0.26666666666666666,"lift_a":1.5999999999999999,"lift_b":0.4},{"place":"Ruins","n":11,"a_share":0.18181818181818182,"b_share":0.18181818181818182,"none_share":0.6363636363636364,"lift_a":0.43636363636363634,"lift_b":1.090909090909091}]}
