{"base_a":0.2222222222222222,"base_b":0.2222222222222222,"rounds":18,"rows":[{"place":"Banana","n":8,"a_share":0.125,"b_share":0.375,"none_share":0.5,"lift_a":0.5625,"lift_b":1.6875},{"place":"TRamp","n":13,"a_share":0.15384615384615385,"b_share":0.23076923076923078,"none_share":0.6153846153846154,"lift_a":0.6923076923076924,"lift_b":1.0384615384615385},{"place":"SecondMid","n":14,"a_share":0.2857142857142857,"b_share":0.21428571428571427,"none_share":0.5,"lift_a":1.2857142857142858,"lift_b":0.9642857142857143},{"place":"Middle","n":18,"a_share":0.2222222222222222,"b_share":0.2222222222222222,"none_share":0.5555555555555556,"lift_a":1,"lift_b":1}]}
