{"base_a":0.14285714285714285,"base_b":0.2857142857142857,"rounds":21,"rows":[{"place":"Fountain","n":15,"a_share":0.2,"b_share":0.26666666666666666,"none_share":0.5333333333333333,"lift_a":1.4000000000000001,"lift_b":0.9333333333333333},{"place":"Tunnels","n":17,"a_share":0.17647058823529413,"b_share":0.23529411764705882,"none_share":0.5882352941176471,"lift_a":1.2352941176470589,"lift_b":0.823529411764706},{"place":"Alley","n":8,"a_share":0.125,"b_share":0.25,"none_share":0.625,"lift_a":0.875,"lift_b":0.875}]}
