{"base_a":0.2222222222222222,"base_b":0.2222222222222222,"rounds":9,"rows":[]}
