{"base_a":0.3333333333333333,"base_b":0.08333333333333333,"rounds":12,"rows":[{"place":"Middle","n":8,"a_share":0.25,"b_share":0.125,"none_share":0.625,"lift_a":0.75,"lift_b":1.5}]}
