{"base_a":0.2,"base_b":0.2,"rounds":15,"rows":[{"place":"Middle","n":8,"a_share":0.25,"b_share":0.125,"none_share":0.625,"lift_a":1.25,"lift_b":0.625},{"place":"UpperTunnel","n":8,"a_share":0.25,"b_share":0.125,"none_share":0.625,"lift_a":1.25,"lift_b":0.625},{"place":"LowerTunnel","n":8,"a_share":0.25,"b_share":0.25,"none_share":0.5,"lift_a":1.25,"lift_b":1.25},{"place":"OutsideLong","n":9,"a_share":0.2222222222222222,"b_share":0.2222222222222222,"none_share":0.5555555555555556,"lift_a":1.111111111111111,"lift_b":1.111111111111111}]}
