{"base_a":0,"base_b":0.5833333333333334,"rounds":12,"rows":[{"place":"Tunnels","n":8,"a_share":0,"b_share":0.625,"none_share":0.375,"lift_a":0,"lift_b":1.0714285714285714}]}
