{"base_a":0.19047619047619047,"base_b":0.42857142857142855,"rounds":21,"rows":[{"place":"OutsideLong","n":8,"a_share":0,"b_share":0.5,"none_share":0.5,"lift_a":0,"lift_b":1.1666666666666667},{"place":"Canal","n":19,"a_share":0.21052631578947367,"b_share":0.3684210526315789,"none_share":0.42105263157894735,"lift_a":1.105263157894737,"lift_b":0.8596491228070176}]}
