{"base_a":0.23333333333333334,"base_b":0.16666666666666666,"rounds":30,"rows":[{"place":"BackofB","n":17,"a_share":0.17647058823529413,"b_share":0.29411764705882354,"none_share":0.5294117647058824,"lift_a":0.7563025210084034,"lift_b":1.7647058823529413},{"place":"TMain","n":18,"a_share":0.2777777777777778,"b_share":0.05555555555555555,"none_share":0.6666666666666666,"lift_a":1.1904761904761905,"lift_b":0.3333333333333333},{"place":"TSideUpper","n":18,"a_share":0.2222222222222222,"b_share":0.2777777777777778,"none_share":0.5,"lift_a":0.9523809523809523,"lift_b":1.6666666666666667}]}
