{"base_a":0.29411764705882354,"base_b":0.29411764705882354,"rounds":17,"rows":[{"place":"Banana","n":12,"a_share":0.16666666666666666,"b_share":0.3333333333333333,"none_share":0.5,"lift_a":0.5666666666666667,"lift_b":1.1333333333333333},{"place":"Middle","n":15,"a_share":0.26666666666666666,"b_share":0.3333333333333333,"none_share":0.4,"lift_a":0.9066666666666666,"lift_b":1.1333333333333333},{"place":"TRamp","n":11,"a_share":0.2727272727272727,"b_share":0.2727272727272727,"none_share":0.45454545454545453,"lift_a":0.9272727272727271,"lift_b":0.9272727272727271}]}
