{"base_a":0.07142857142857142,"base_b":0.2857142857142857,"rounds":14,"rows":[{"place":"Outside","n":11,"a_share":0.09090909090909091,"b_share":0.2727272727272727,"none_share":0.6363636363636364,"lift_a":1.272727272727273,"lift_b":0.9545454545454545}]}
