{"base_a":0.375,"base_b":0.375,"rounds":24,"rows":[{"place":"Ruins","n":16,"a_share":0.1875,"b_share":0.5625,"none_share":0.25,"lift_a":0.5,"lift_b":1.5},{"place":"Bridge","n":10,"a_share":0.5,"b_share":0.3,"none_share":0.2,"lift_a":1.3333333333333333,"lift_b":0.7999999999999999},{"place":"Canal","n":15,"a_share":0.26666666666666666,"b_share":0.4,"none_share":0.3333333333333333,"lift_a":0.7111111111111111,"lift_b":1.0666666666666667}]}
