{"base_a":0.2222222222222222,"base_b":0.7777777777777778,"rounds":9,"rows":[]}
