{"base_a":0.18181818181818182,"base_b":0.18181818181818182,"rounds":11,"rows":[]}
