{"base_a":0.3333333333333333,"base_b":0.20833333333333334,"rounds":24,"rows":[{"place":"TSideLower","n":9,"a_share":0,"b_share":0.4444444444444444,"none_share":0.5555555555555556,"lift_a":0,"lift_b":2.1333333333333333},{"place":"MainHall","n":9,"a_share":0.4444444444444444,"b_share":0,"none_share":0.5555555555555556,"lift_a":1.3333333333333333,"lift_b":0},{"place":"Outside","n":13,"a_share":0.5384615384615384,"b_share":0.07692307692307693,"none_share":0.38461538461538464,"lift_a":1.6153846153846154,"lift_b":0.36923076923076925}]}
