{"base_a":0.3333333333333333,"base_b":0.16666666666666666,"rounds":12,"rows":[{"place":"Outside","n":9,"a_share":0.3333333333333333,"b_share":0.1111111111111111,"none_share":0.5555555555555556,"lift_a":1,"lift_b":0.6666666666666666}]}
