{"base_a":0.13333333333333333,"base_b":0.13333333333333333,"rounds":15,"rows":[{"place":"Outside","n":8,"a_share":0.25,"b_share":0,"none_share":0.75,"lift_a":1.875,"lift_b":0}]}
