{"base_a":0.25925925925925924,"base_b":0.18518518518518517,"rounds":27,"rows":[{"place":"LongDog","n":13,"a_share":0.38461538461538464,"b_share":0.07692307692307693,"none_share":0.5384615384615384,"lift_a":1.4835164835164836,"lift_b":0.4153846153846154},{"place":"BackofB","n":21,"a_share":0.23809523809523808,"b_share":0.23809523809523808,"none_share":0.5238095238095238,"lift_a":0.9183673469387755,"lift_b":1.2857142857142858},{"place":"TMain","n":22,"a_share":0.2727272727272727,"b_share":0.13636363636363635,"none_share":0.5909090909090909,"lift_a":1.051948051948052,"lift_b":0.7363636363636363},{"place":"TSideUpper","n":25,"a_share":0.24,"b_share":0.2,"none_share":0.56,"lift_a":0.9257142857142857,"lift_b":1.08}]}
