{"base_a":0.18181818181818182,"base_b":0.45454545454545453,"rounds":22,"rows":[{"place":"Middle","n":10,"a_share":0.3,"b_share":0.4,"none_share":0.3,"lift_a":1.65,"lift_b":0.8800000000000001},{"place":"TSideLower","n":14,"a_share":0.07142857142857142,"b_share":0.5714285714285714,"none_share":0.35714285714285715,"lift_a":0.39285714285714285,"lift_b":1.2571428571428571},{"place":"TSideUpper","n":9,"a_share":0.2222222222222222,"b_share":0.3333333333333333,"none_share":0.4444444444444444,"lift_a":1.222222222222222,"lift_b":0.7333333333333333},{"place":"Outside","n":16,"a_share":0.1875,"b_share":0.5,"none_share":0.3125,"lift_a":1.03125,"lift_b":1.1}]}
