{"base_a":0.16666666666666666,"base_b":0.25,"rounds":12,"rows":[{"place":"Fountain","n":8,"a_share":0.125,"b_share":0.125,"none_share":0.75,"lift_a":0.75,"lift_b":0.5},{"place":"Tunnels","n":11,"a_share":0.18181818181818182,"b_share":0.18181818181818182,"none_share":0.6363636363636364,"lift_a":1.090909090909091,"lift_b":0.7272727272727273}]}
