{"base_a":0.15789473684210525,"base_b":0.05263157894736842,"rounds":19,"rows":[{"place":"BackAlley","n":8,"a_share":0,"b_share":0.125,"none_share":0.875,"lift_a":0,"lift_b":2.375},{"place":"SideAlley","n":9,"a_share":0,"b_share":0,"none_share":1,"lift_a":0,"lift_b":0},{"place":"TopofMid","n":12,"a_share":0.16666666666666666,"b_share":0,"none_share":0.8333333333333334,"lift_a":1.0555555555555556,"lift_b":0}]}
