{"base_a":0.14285714285714285,"base_b":0.19047619047619047,"rounds":21,"rows":[{"place":"Fountain","n":12,"a_share":0.25,"b_share":0,"none_share":0.75,"lift_a":1.75,"lift_b":0},{"place":"Tunnels","n":14,"a_share":0.21428571428571427,"b_share":0.07142857142857142,"none_share":0.7142857142857143,"lift_a":1.5,"lift_b":0.375}]}
