{"base_a":0.3103448275862069,"base_b":0.2413793103448276,"rounds":29,"rows":[{"place":"TSideLower","n":14,"a_share":0.14285714285714285,"b_share":0.42857142857142855,"none_share":0.42857142857142855,"lift_a":0.4603174603174603,"lift_b":1.7755102040816324},{"place":"Ruins","n":10,"a_share":0.2,"b_share":0.4,"none_share":0.4,"lift_a":0.6444444444444445,"lift_b":1.6571428571428573},{"place":"TSideUpper","n":12,"a_share":0.3333333333333333,"b_share":0.16666666666666666,"none_share":0.5,"lift_a":1.074074074074074,"lift_b":0.6904761904761904},{"place":"Outside","n":19,"a_share":0.3157894736842105,"b_share":0.2631578947368421,"none_share":0.42105263157894735,"lift_a":1.0175438596491226,"lift_b":1.0902255639097744}]}
