{"base_a":0.3333333333333333,"base_b":0.25,"rounds":12,"rows":[{"place":"BackofB","n":9,"a_share":0.3333333333333333,"b_share":0.3333333333333333,"none_share":0.3333333333333333,"lift_a":1,"lift_b":1.3333333333333333},{"place":"TSideUpper","n":12,"a_share":0.3333333333333333,"b_share":0.25,"none_share":0.4166666666666667,"lift_a":1,"lift_b":1}]}
