{"base_a":0.13333333333333333,"base_b":0.13333333333333333,"rounds":30,"rows":[{"place":"Trophy","n":8,"a_share":0,"b_share":0.5,"none_share":0.5,"lift_a":0,"lift_b":3.75},{"place":"Vending","n":9,"a_share":0,"b_share":0.3333333333333333,"none_share":0.6666666666666666,"lift_a":0,"lift_b":2.5},{"place":"Outside","n":22,"a_share":0.045454545454545456,"b_share":0.09090909090909091,"none_share":0.8636363636363636,"lift_a":0.34090909090909094,"lift_b":0.6818181818181819},{"place":"Lobby","n":18,"a_share":0.16666666666666666,"b_share":0.16666666666666666,"none_share":0.6666666666666666,"lift_a":1.25,"lift_b":1.25}]}
