{"base_a":0.1951219512195122,"base_b":0.1951219512195122,"rounds":41,"rows":[{"place":"Vending","n":8,"a_share":0.125,"b_share":0.25,"none_share":0.625,"lift_a":0.640625,"lift_b":1.28125},{"place":"Outside","n":33,"a_share":0.18181818181818182,"b_share":0.21212121212121213,"none_share":0.6060606060606061,"lift_a":0.9318181818181818,"lift_b":1.0871212121212122},{"place":"Lobby","n":16,"a_share":0.1875,"b_share":0.1875,"none_share":0.625,"lift_a":0.9609375,"lift_b":0.9609375}]}
