{"base_a":0.36363636363636365,"base_b":0.09090909090909091,"rounds":11,"rows":[{"place":"Outside","n":8,"a_share":0.5,"b_share":0.125,"none_share":0.375,"lift_a":1.375,"lift_b":1.375}]}
