{"base_a":0.08695652173913043,"base_b":0.2608695652173913,"rounds":23,"rows":[{"place":"Banana","n":8,"a_share":0,"b_share":0.5,"none_share":0.5,"lift_a":0,"lift_b":1.9166666666666667},{"place":"TRamp","n":11,"a_share":0,"b_share":0.36363636363636365,"none_share":0.6363636363636364,"lift_a":0,"lift_b":1.393939393939394},{"place":"SecondMid","n":16,"a_share":0.125,"b_share":0.1875,"none_share":0.6875,"lift_a":1.4375,"lift_b":0.71875},{"place":"Middle","n":20,"a_share":0.05,"b_share":0.3,"none_share":0.65,"lift_a":0.5750000000000001,"lift_b":1.15}]}
