{"base_a":0.42857142857142855,"base_b":0.3333333333333333,"rounds":21,"rows":[{"place":"BackAlley","n":9,"a_share":0.1111111111111111,"b_share":0.5555555555555556,"none_share":0.3333333333333333,"lift_a":0.25925925925925924,"lift_b":1.6666666666666667},{"place":"PalaceAlley","n":8,"a_share":0.5,"b_share":0.125,"none_share":0.375,"lift_a":1.1666666666666667,"lift_b":0.375},{"place":"SideAlley","n":14,"a_share":0.5,"b_share":0.35714285714285715,"none_share":0.14285714285714285,"lift_a":1.1666666666666667,"lift_b":1.0714285714285716}]}
