{"base_a":0.2222222222222222,"base_b":0.3333333333333333,"rounds":9,"rows":[{"place":"OutsideLong","n":8,"a_share":0.25,"b_share":0.25,"none_share":0.5,"lift_a":1.125,"lift_b":0.75}]}
