{"base_a":0.22727272727272727,"base_b":0.4090909090909091,"rounds":22,"rows":[{"place":"OutsideLong","n":9,"a_share":0.2222222222222222,"b_share":0.6666666666666666,"none_share":0.1111111111111111,"lift_a":0.9777777777777777,"lift_b":1.6296296296296295},{"place":"Canal","n":9,"a_share":0.1111111111111111,"b_share":0.4444444444444444,"none_share":0.4444444444444444,"lift_a":0.4888888888888889,"lift_b":1.0864197530864197},{"place":"Bridge","n":9,"a_share":0.2222222222222222,"b_share":0.2222222222222222,"none_share":0.5555555555555556,"lift_a":0.9777777777777777,"lift_b":0.5432098765432098},{"place":"Ruins","n":9,"a_share":0.2222222222222222,"b_share":0.4444444444444444,"none_share":0.3333333333333333,"lift_a":0.9777777777777777,"lift_b":1.0864197530864197}]}
