{"base_a":0.08333333333333333,"base_b":0.3333333333333333,"rounds":24,"rows":[{"place":"SecondMid","n":8,"a_share":0.125,"b_share":0,"none_share":0.875,"lift_a":1.5,"lift_b":0},{"place":"TRamp","n":18,"a_share":0,"b_share":0.3888888888888889,"none_share":0.6111111111111112,"lift_a":0,"lift_b":1.1666666666666667},{"place":"Banana","n":16,"a_share":0.0625,"b_share":0.4375,"none_share":0.5,"lift_a":0.75,"lift_b":1.3125},{"place":"Middle","n":21,"a_share":0.09523809523809523,"b_share":0.38095238095238093,"none_share":0.5238095238095238,"lift_a":1.1428571428571428,"lift_b":1.1428571428571428}]}
