{"base_a":0.1,"base_b":0.3,"rounds":20,"rows":[{"place":"Canal","n":8,"a_share":0,"b_share":0.5,"none_share":0.5,"lift_a":0,"lift_b":1.6666666666666667},{"place":"Fountain","n":9,"a_share":0.1111111111111111,"b_share":0.1111111111111111,"none_share":0.7777777777777778,"lift_a":1.111111111111111,"lift_b":0.37037037037037035},{"place":"Tunnels","n":16,"a_share":0.0625,"b_share":0.3125,"none_share":0.625,"lift_a":0.625,"lift_b":1.0416666666666667}]}
