{"base_a":0.1111111111111111,"base_b":0.2222222222222222,"rounds":9,"rows":[]}
