{"base_a":0.25925925925925924,"base_b":0.2962962962962963,"rounds":27,"rows":[{"place":"Street","n":10,"a_share":0.4,"b_share":0.4,"none_share":0.2,"lift_a":1.542857142857143,"lift_b":1.35},{"place":"Ruins","n":15,"a_share":0.4,"b_share":0.2,"none_share":0.4,"lift_a":1.542857142857143,"lift_b":0.675},{"place":"Bridge","n":11,"a_share":0.36363636363636365,"b_share":0.2727272727272727,"none_share":0.36363636363636365,"lift_a":1.4025974025974026,"lift_b":0.9204545454545454},{"place":"Canal","n":21,"a_share":0.2857142857142857,"b_share":0.2857142857142857,"none_share":0.42857142857142855,"lift_a":1.1020408163265305,"lift_b":0.9642857142857143}]}
