{"base_a":0,"base_b":0.16666666666666666,"rounds":12,"rows":[{"place":"OutsideLong","n":9,"a_share":0,"b_share":0.1111111111111111,"none_share":0.8888888888888888,"lift_a":0,"lift_b":0.6666666666666666}]}
