{"base_a":0.07692307692307693,"base_b":0.46153846153846156,"rounds":13,"rows":[{"place":"Outside","n":8,"a_share":0,"b_share":0.375,"none_share":0.625,"lift_a":0,"lift_b":0.8125}]}
