{"base_a":0.3333333333333333,"base_b":0.16666666666666666,"rounds":12,"rows":[]}
