{"base_a":0.1111111111111111,"base_b":0.3333333333333333,"rounds":9,"rows":[{"place":"Middle","n":8,"a_share":0.125,"b_share":0.375,"none_share":0.5,"lift_a":1.125,"lift_b":1.125}]}
