{"base_a":0.20833333333333334,"base_b":0.2916666666666667,"rounds":24,"rows":[{"place":"Canal","n":10,"a_share":0.1,"b_share":0.4,"none_share":0.5,"lift_a":0.48,"lift_b":1.3714285714285714},{"place":"Fountain","n":15,"a_share":0.26666666666666666,"b_share":0.2,"none_share":0.5333333333333333,"lift_a":1.28,"lift_b":0.6857142857142857},{"place":"Tunnels","n":15,"a_share":0.26666666666666666,"b_share":0.3333333333333333,"none_share":0.4,"lift_a":1.28,"lift_b":1.1428571428571428}]}
