{"base_a":0.16666666666666666,"base_b":0.25,"rounds":12,"rows":[{"place":"Street","n":9,"a_share":0.2222222222222222,"b_share":0.2222222222222222,"none_share":0.5555555555555556,"lift_a":1.3333333333333333,"lift_b":0.8888888888888888}]}
