{"base_a":0.12121212121212122,"base_b":0.36363636363636365,"rounds":33,"rows":[{"place":"Alley","n":13,"a_share":0,"b_share":0.38461538461538464,"none_share":0.6153846153846154,"lift_a":0,"lift_b":1.0576923076923077},{"place":"Fountain","n":16,"a_share":0.1875,"b_share":0.25,"none_share":0.5625,"lift_a":1.546875,"lift_b":0.6875},{"place":"Canal","n":14,"a_share":0.07142857142857142,"b_share":0.42857142857142855,"none_share":0.5,"lift_a":0.5892857142857142,"lift_b":1.1785714285714284},{"place":"Tunnels","n":26,"a_share":0.15384615384615385,"b_share":0.38461538461538464,"none_share":0.46153846153846156,"lift_a":1.2692307692307692,"lift_b":1.0576923076923077}]}
