{"base_a":0.4166666666666667,"base_b":0.041666666666666664,"rounds":24,"rows":[{"place":"BackAlley","n":9,"a_share":0.3333333333333333,"b_share":0.1111111111111111,"none_share":0.5555555555555556,"lift_a":0.7999999999999999,"lift_b":2.6666666666666665},{"place":"TopofMid","n":14,"a_share":0.5,"b_share":0,"none_share":0.5,"lift_a":1.2,"lift_b":0},{"place":"PalaceInterior","n":8,"a_share":0.625,"b_share":0,"none_share":0.375,"lift_a":1.5,"lift_b":0}]}
