{"base_a":0.17647058823529413,"base_b":0.35294117647058826,"rounds":17,"rows":[{"place":"Lobby","n":8,"a_share":0.375,"b_share":0.375,"none_share":0.25,"lift_a":2.125,"lift_b":1.0625},{"place":"Outside","n":10,"a_share":0.1,"b_share":0.5,"none_share":0.4,"lift_a":0.5666666666666667,"lift_b":1.4166666666666665}]}
