{"base_a":0.08333333333333333,"base_b":0.3333333333333333,"rounds":12,"rows":[{"place":"Ruins","n":8,"a_share":0,"b_share":0.375,"none_share":0.625,"lift_a":0,"lift_b":1.125},{"place":"TSideLower","n":9,"a_share":0.1111111111111111,"b_share":0.4444444444444444,"none_share":0.4444444444444444,"lift_a":1.3333333333333333,"lift_b":1.3333333333333333}]}
