{"base_a":0.2916666666666667,"base_b":0.3333333333333333,"rounds":24,"rows":[{"place":"Bridge","n":11,"a_share":0.45454545454545453,"b_share":0.09090909090909091,"none_share":0.45454545454545453,"lift_a":1.5584415584415583,"lift_b":0.27272727272727276},{"place":"Canal","n":16,"a_share":0.25,"b_share":0.4375,"none_share":0.3125,"lift_a":0.8571428571428571,"lift_b":1.3125}]}
