{"base_a":0.17391304347826086,"base_b":0.30434782608695654,"rounds":23,"rows":[{"place":"Lobby","n":9,"a_share":0.3333333333333333,"b_share":0.1111111111111111,"none_share":0.5555555555555556,"lift_a":1.9166666666666665,"lift_b":0.36507936507936506},{"place":"Vending","n":8,"a_share":0.25,"b_share":0.25,"none_share":0.5,"lift_a":1.4375,"lift_b":0.8214285714285714},{"place":"Outside","n":18,"a_share":0.16666666666666666,"b_share":0.2777777777777778,"none_share":0.5555555555555556,"lift_a":0.9583333333333333,"lift_b":0.9126984126984127}]}
