{"base_a":0.3333333333333333,"base_b":0.16666666666666666,"rounds":12,"rows":[{"place":"Outside","n":8,"a_share":0.375,"b_share":0.125,"none_share":0.5,"lift_a":1.125,"lift_b":0.75}]}
