{"base_a":0.16666666666666666,"base_b":0,"rounds":12,"rows":[{"place":"Tunnels","n":11,"a_share":0.18181818181818182,"b_share":0,"none_share":0.8181818181818182,"lift_a":1.090909090909091,"lift_b":0}]}
