{"base_a":0.08333333333333333,"base_b":0.08333333333333333,"rounds":12,"rows":[{"place":"Canal","n":8,"a_share":0.125,"b_share":0,"none_share":0.875,"lift_a":1.5,"lift_b":0}]}
