{"base_a":0.08333333333333333,"base_b":0.3611111111111111,"rounds":36,"rows":[{"place":"LongDog","n":11,"a_share":0.18181818181818182,"b_share":0.45454545454545453,"none_share":0.36363636363636365,"lift_a":2.181818181818182,"lift_b":1.2587412587412588},{"place":"TMain","n":15,"a_share":0.13333333333333333,"b_share":0.3333333333333333,"none_share":0.5333333333333333,"lift_a":1.6,"lift_b":0.923076923076923},{"place":"BackofB","n":26,"a_share":0.11538461538461539,"b_share":0.38461538461538464,"none_share":0.5,"lift_a":1.3846153846153848,"lift_b":1.0650887573964498},{"place":"TSideUpper","n":31,"a_share":0.0967741935483871,"b_share":0.3870967741935484,"none_share":0.5161290322580645,"lift_a":1.1612903225806452,"lift_b":1.0719602977667493}]}
