{"base_a":0.26666666666666666,"base_b":0.3,"rounds":30,"rows":[{"place":"Outside","n":19,"a_share":0.21052631578947367,"b_share":0.3157894736842105,"none_share":0.47368421052631576,"lift_a":0.7894736842105263,"lift_b":1.0526315789473684},{"place":"Lobby","n":22,"a_share":0.3181818181818182,"b_share":0.2727272727272727,"none_share":0.4090909090909091,"lift_a":1.1931818181818181,"lift_b":0.9090909090909091}]}
