{"base_a":0.08333333333333333,"base_b":0.16666666666666666,"rounds":12,"rows":[{"place":"Outside","n":10,"a_share":0.1,"b_share":0.2,"none_share":0.7,"lift_a":1.2000000000000002,"lift_b":1.2000000000000002}]}
