{"base_a":0.2222222222222222,"base_b":0.1111111111111111,"rounds":9,"rows":[]}
