{"base_a":0.2972972972972973,"base_b":0.24324324324324326,"rounds":37,"rows":[{"place":"Canal","n":10,"a_share":0.1,"b_share":0.4,"none_share":0.5,"lift_a":0.33636363636363636,"lift_b":1.6444444444444444},{"place":"UpperPark","n":9,"a_share":0.3333333333333333,"b_share":0.3333333333333333,"none_share":0.3333333333333333,"lift_a":1.121212121212121,"lift_b":1.3703703703703702},{"place":"Fountain","n":25,"a_share":0.36,"b_share":0.24,"none_share":0.4,"lift_a":1.2109090909090907,"lift_b":0.9866666666666666},{"place":"Tunnels","n":31,"a_share":0.2903225806451613,"b_share":0.25806451612903225,"none_share":0.45161290322580644,"lift_a":0.9765395894428153,"lift_b":1.060931899641577}]}
