{"base_a":0.15,"base_b":0.3,"rounds":20,"rows":[{"place":"TSideUpper","n":9,"a_share":0,"b_share":0.5555555555555556,"none_share":0.4444444444444444,"lift_a":0,"lift_b":1.851851851851852},{"place":"Outside","n":12,"a_share":0.25,"b_share":0.25,"none_share":0.5,"lift_a":1.6666666666666667,"lift_b":0.8333333333333334},{"place":"TSideLower","n":10,"a_share":0.1,"b_share":0.4,"none_share":0.5,"lift_a":0.6666666666666667,"lift_b":1.3333333333333335},{"place":"Ruins","n":9,"a_share":0.1111111111111111,"b_share":0.3333333333333333,"none_share":0.5555555555555556,"lift_a":0.7407407407407407,"lift_b":1.1111111111111112}]}
