{"base_a":0.1111111111111111,"base_b":0.4444444444444444,"rounds":9,"rows":[{"place":"TSideUpper","n":9,"a_share":0.1111111111111111,"b_share":0.4444444444444444,"none_share":0.4444444444444444,"lift_a":1,"lift_b":1}]}
