{"base_a":0.16666666666666666,"base_b":0.3333333333333333,"rounds":12,"rows":[{"place":"TSideLower","n":8,"a_share":0,"b_share":0.5,"none_share":0.5,"lift_a":0,"lift_b":1.5}]}
