{"base_a":0.16666666666666666,"base_b":0.16666666666666666,"rounds":6,"rows":[]}
