{"base_a":0.3333333333333333,"base_b":0.08333333333333333,"rounds":12,"rows":[{"place":"Outside","n":8,"a_share":0.5,"b_share":0.125,"none_share":0.375,"lift_a":1.5,"lift_b":1.5}]}
