{"base_a":0.2222222222222222,"base_b":0.1111111111111111,"rounds":27,"rows":[{"place":"TSideLower","n":12,"a_share":0.16666666666666666,"b_share":0.25,"none_share":0.5833333333333334,"lift_a":0.75,"lift_b":2.25},{"place":"TSideUpper","n":9,"a_share":0.2222222222222222,"b_share":0.2222222222222222,"none_share":0.5555555555555556,"lift_a":1,"lift_b":2},{"place":"Middle","n":9,"a_share":0.3333333333333333,"b_share":0.1111111111111111,"none_share":0.5555555555555556,"lift_a":1.5,"lift_b":1},{"place":"Outside","n":20,"a_share":0.25,"b_share":0.1,"none_share":0.65,"lift_a":1.125,"lift_b":0.9000000000000001}]}
