{"base_a":0.14285714285714285,"base_b":0.14285714285714285,"rounds":21,"rows":[{"place":"Fountain","n":9,"a_share":0.2222222222222222,"b_share":0.1111111111111111,"none_share":0.6666666666666666,"lift_a":1.5555555555555556,"lift_b":0.7777777777777778},{"place":"Tunnels","n":17,"a_share":0.17647058823529413,"b_share":0.17647058823529413,"none_share":0.6470588235294118,"lift_a":1.2352941176470589,"lift_b":1.2352941176470589}]}
