{"base_a":0.25,"base_b":0.5,"rounds":12,"rows":[{"place":"BackofB","n":9,"a_share":0.3333333333333333,"b_share":0.5555555555555556,"none_share":0.1111111111111111,"lift_a":1.3333333333333333,"lift_b":1.1111111111111112},{"place":"TSideUpper","n":10,"a_share":0.3,"b_share":0.6,"none_share":0.1,"lift_a":1.2,"lift_b":1.2}]}
