{"base_a":0.10526315789473684,"base_b":0.15789473684210525,"rounds":19,"rows":[{"place":"Tunnels","n":13,"a_share":0.15384615384615385,"b_share":0.15384615384615385,"none_share":0.6923076923076923,"lift_a":1.4615384615384617,"lift_b":0.9743589743589745},{"place":"Fountain","n":11,"a_share":0.09090909090909091,"b_share":0.09090909090909091,"none_share":0.8181818181818182,"lift_a":0.8636363636363638,"lift_b":0.5757575757575758}]}
