{"base_a":0.125,"base_b":0.2916666666666667,"rounds":24,"rows":[{"place":"Lobby","n":16,"a_share":0.1875,"b_share":0.25,"none_share":0.5625,"lift_a":1.5,"lift_b":0.8571428571428571},{"place":"Outside","n":19,"a_share":0.10526315789473684,"b_share":0.3684210526315789,"none_share":0.5263157894736842,"lift_a":0.8421052631578947,"lift_b":1.263157894736842},{"place":"Vending","n":9,"a_share":0.1111111111111111,"b_share":0.2222222222222222,"none_share":0.6666666666666666,"lift_a":0.8888888888888888,"lift_b":0.7619047619047619}]}
