{"base_a":0.4166666666666667,"base_b":0.16666666666666666,"rounds":12,"rows":[{"place":"OutsideLong","n":8,"a_share":0.375,"b_share":0.125,"none_share":0.5,"lift_a":0.8999999999999999,"lift_b":0.75}]}
