{"base_a":0.2857142857142857,"base_b":0.14285714285714285,"rounds":7,"rows":[]}
