{"base_a":0.16666666666666666,"base_b":0.16666666666666666,"rounds":12,"rows":[{"place":"Outside","n":10,"a_share":0,"b_share":0.2,"none_share":0.8,"lift_a":0,"lift_b":1.2000000000000002}]}
