{"base_a":0.2,"base_b":0.4666666666666667,"rounds":15,"rows":[{"place":"Canal","n":14,"a_share":0.21428571428571427,"b_share":0.5,"none_share":0.2857142857142857,"lift_a":1.0714285714285714,"lift_b":1.0714285714285714}]}
