{"base_a":0.4166666666666667,"base_b":0.08333333333333333,"rounds":12,"rows":[]}
