{"base_a":0.2222222222222222,"base_b":0.4444444444444444,"rounds":18,"rows":[{"place":"TSideLower","n":9,"a_share":0,"b_share":0.6666666666666666,"none_share":0.3333333333333333,"lift_a":0,"lift_b":1.5},{"place":"Outside","n":8,"a_share":0.375,"b_share":0.125,"none_share":0.5,"lift_a":1.6875,"lift_b":0.28125}]}
